{
  "controller/DetailObjectNotFound.js": 1611586166605,
  "controller/BaseController.js": 1611586166601,
  "model/models.js": 1611586166605,
  "model/formatter.js": 1611586166605,
  "controller/NotFound.controller.js": 1611586166605,
  "controller/Master.controller.js": 1611586166605,
  "controller/ListSelector.js": 1611586166605,
  "controller/ErrorHandler.js": 1611586166605,
  "i18n/i18n.properties": 1611586166605,
  "controller/DetailObjectNotFound.controller.js": 1611586166605,
  "controller/Detail.controller.js": 1611586166601,
  "manifest.json": 1611586384621,
  "controller/App.controller.js": 1611586166601,
  "Component.js": 1611586166601,
  "manifest-bundle.zip": 1611586384254,
  "Component-preload.js": 1611586384545,
  "controller/ListSelector-dbg.js": 1611586166605,
  "model/formatter-dbg.js": 1611586166605,
  "controller/NotFound-dbg.controller.js": 1611586166605,
  "controller/Master-dbg.controller.js": 1611586166605,
  "model/models-dbg.js": 1611586166605,
  "controller/ErrorHandler-dbg.js": 1611586166605,
  "controller/DetailObjectNotFound-dbg.js": 1611586166605,
  "controller/DetailObjectNotFound-dbg.controller.js": 1611586166605,
  "controller/Detail-dbg.controller.js": 1611586166601,
  "controller/BaseController-dbg.js": 1611586166601,
  "controller/App-dbg.controller.js": 1611586166601,
  "Component-dbg.js": 1611586166601,
  "resources.json": 1611586384626,
  "view/ViewSettingsDialog.fragment.xml": 1611586166617,
  "view/NotFound.view.xml": 1611586166613,
  "view/Master.view.xml": 1611586166613,
  "view/DetailObjectNotFound.view.xml": 1611586166613,
  "view/Detail.view.xml": 1611586166613,
  "view/App.view.xml": 1611586166613,
  "test.html": 1611586166605,
  "index.html": 1611586166605
}